{
  "seed": 42,
  "feature_columns": [
    "fixed acidity",
    "volatile acidity",
    "citric acid",
    "residual sugar",
    "chlorides",
    "free sulfur dioxide",
    "total sulfur dioxide",
    "density",
    "pH",
    "sulphates",
    "alcohol",
    "type"
  ],
  "label_rule": "quality_binary = (quality > 5)",
  "class_distribution": {
    "train": {
      "n0": 1590,
      "n1": 2666
    },
    "test": {
      "n0": 398,
      "n1": 666
    }
  },
  "scaler": {
    "mean": [
      7.222521152319317,
      0.3426421522337915,
      0.32080122234546615,
      5.019901310786941,
      0.05690061103196332,
      30.154017857142858,
      114.54205827067669,
      0.9945469897072342,
      3.223493891102927,
      0.533886276917266,
      10.539529277417893,
      0.7445958646616542
    ],
    "scale": [
      1.319186680100043,
      0.16675369134622292,
      0.14850806294059674,
      4.487464903252489,
      0.03751756151920788,
      17.938365598921916,
      57.1655358547483,
      0.0029718860866810716,
      0.16083395935455072,
      0.15106165729521417,
      1.181457563345009,
      0.4360881367228527
    ]
  },
  "add_type_feature": true,
  "use_stratify_by_type": true
}