{
  "accuracy": 0.7607692307692308,
  "f1": 0.7976577748861419,
  "confusion_matrix": [
    [
      376,
      101
    ],
    [
      210,
      613
    ]
  ],
  "report": {
    "0.0": {
      "precision": 0.6416382252559727,
      "recall": 0.7882599580712788,
      "f1-score": 0.7074317968015051,
      "support": 477.0
    },
    "1.0": {
      "precision": 0.8585434173669467,
      "recall": 0.7448359659781288,
      "f1-score": 0.7976577748861419,
      "support": 823.0
    },
    "accuracy": 0.7607692307692308,
    "macro avg": {
      "precision": 0.7500908213114597,
      "recall": 0.7665479620247038,
      "f1-score": 0.7525447858438234,
      "support": 1300.0
    },
    "weighted avg": {
      "precision": 0.778955896876997,
      "recall": 0.7607692307692308,
      "f1-score": 0.764551781388933,
      "support": 1300.0
    }
  },
  "roc_auc": 0.8357112471374605,
  "pr_auc": 0.9013989404337507,
  "train_accuracy": 0.761785626411438,
  "train_loss": 0.5003499388694763,
  "test_accuracy": 0.7607692307692308
}