{
  "accuracy": 0.7453007518796992,
  "f1": 0.7867820613690008,
  "confusion_matrix": [
    [
      293,
      105
    ],
    [
      166,
      500
    ]
  ],
  "report": {
    "0.0": {
      "precision": 0.6383442265795207,
      "recall": 0.7361809045226131,
      "f1-score": 0.6837806301050176,
      "support": 398.0
    },
    "1.0": {
      "precision": 0.8264462809917356,
      "recall": 0.7507507507507507,
      "f1-score": 0.7867820613690008,
      "support": 666.0
    },
    "accuracy": 0.7453007518796992,
    "macro avg": {
      "precision": 0.7323952537856282,
      "recall": 0.7434658276366819,
      "f1-score": 0.7352813457370091,
      "support": 1064.0
    },
    "weighted avg": {
      "precision": 0.7560847982322793,
      "recall": 0.7453007518796992,
      "f1-score": 0.7482533305014581,
      "support": 1064.0
    }
  },
  "roc_auc": 0.8041144159234612,
  "pr_auc": 0.8704135902055443,
  "train_accuracy": 0.7593985199928284,
  "train_loss": 0.49984264373779297,
  "test_accuracy": 0.7453007518796992
}