{
  "accuracy": 0.8338461538461538,
  "f1": 0.8705035971223022,
  "confusion_matrix": [
    [
      358,
      119
    ],
    [
      97,
      726
    ]
  ],
  "report": {
    "0.0": {
      "precision": 0.7868131868131868,
      "recall": 0.750524109014675,
      "f1-score": 0.7682403433476395,
      "support": 477.0
    },
    "1.0": {
      "precision": 0.8591715976331361,
      "recall": 0.8821385176184691,
      "f1-score": 0.8705035971223022,
      "support": 823.0
    },
    "accuracy": 0.8338461538461538,
    "macro avg": {
      "precision": 0.8229923922231615,
      "recall": 0.816331313316572,
      "f1-score": 0.8193719702349709,
      "support": 1300.0
    },
    "weighted avg": {
      "precision": 0.8326216268938161,
      "recall": 0.8338461538461538,
      "f1-score": 0.8329808493911375,
      "support": 1300.0
    }
  },
  "roc_auc": 0.8985839504191598,
  "pr_auc": 0.9354256974566451,
  "train_accuracy": 0.9874927842986339,
  "test_accuracy": 0.8338461538461538,
  "oob_score": 0.8206657687127189
}