{
    "train_accuracy": 0.9765249182220512,
    "test_accuracy": 0.833076923076923
}