{
  "accuracy": 0.7584586466165414,
  "f1": 0.808351976137211,
  "confusion_matrix": [
    [
      265,
      133
    ],
    [
      124,
      542
    ]
  ],
  "report": {
    "0.0": {
      "precision": 0.6812339331619537,
      "recall": 0.6658291457286433,
      "f1-score": 0.6734434561626429,
      "support": 398.0
    },
    "1.0": {
      "precision": 0.802962962962963,
      "recall": 0.8138138138138138,
      "f1-score": 0.808351976137211,
      "support": 666.0
    },
    "accuracy": 0.7584586466165414,
    "macro avg": {
      "precision": 0.7420984480624584,
      "recall": 0.7398214797712286,
      "f1-score": 0.7408977161499269,
      "support": 1064.0
    },
    "weighted avg": {
      "precision": 0.7574289837704801,
      "recall": 0.7584586466165414,
      "f1-score": 0.7578880748685285,
      "support": 1064.0
    }
  },
  "roc_auc": 0.8265577134923869,
  "pr_auc": 0.8881492267903848,
  "train_accuracy": 0.9833176691729323,
  "test_accuracy": 0.7584586466165414,
  "oob_score": 0.7737312030075187
}