{
    "train_accuracy": 0.9769097556282471,
    "test_accuracy": 0.8323076923076923
}