{
  "accuracy": 0.7730769230769231,
  "f1": 0.8317170564746149,
  "confusion_matrix": [
    [
      276,
      201
    ],
    [
      94,
      729
    ]
  ],
  "report": {
    "0.0": {
      "precision": 0.745945945945946,
      "recall": 0.5786163522012578,
      "f1-score": 0.6517119244391971,
      "support": 477.0
    },
    "1.0": {
      "precision": 0.7838709677419354,
      "recall": 0.8857837181044957,
      "f1-score": 0.8317170564746149,
      "support": 823.0
    },
    "accuracy": 0.7730769230769231,
    "macro avg": {
      "precision": 0.7649084568439407,
      "recall": 0.7322000351528768,
      "f1-score": 0.741714490456906,
      "support": 1300.0
    },
    "weighted avg": {
      "precision": 0.7699554020521763,
      "recall": 0.7730769230769231,
      "f1-score": 0.7656690195662347,
      "support": 1300.0
    }
  },
  "roc_auc": 0.8393997518920144,
  "pr_auc": 0.8902331800232003,
  "train_accuracy": 0.7931498941697133,
  "test_accuracy": 0.7730769230769231
}