{
    "train_accuracy": 0.7931498941697133,
    "test_accuracy": 0.7784615384615384
}