{
  "accuracy": 0.7518796992481203,
  "f1": 0.8122332859174964,
  "confusion_matrix": [
    [
      229,
      169
    ],
    [
      95,
      571
    ]
  ],
  "report": {
    "0.0": {
      "precision": 0.7067901234567902,
      "recall": 0.5753768844221105,
      "f1-score": 0.6343490304709142,
      "support": 398.0
    },
    "1.0": {
      "precision": 0.7716216216216216,
      "recall": 0.8573573573573574,
      "f1-score": 0.8122332859174964,
      "support": 666.0
    },
    "accuracy": 0.7518796992481203,
    "macro avg": {
      "precision": 0.7392058725392059,
      "recall": 0.716367120889734,
      "f1-score": 0.7232911581942053,
      "support": 1064.0
    },
    "weighted avg": {
      "precision": 0.7473707416689872,
      "recall": 0.7518796992481203,
      "f1-score": 0.7456938745756357,
      "support": 1064.0
    }
  },
  "roc_auc": 0.8157152127001374,
  "pr_auc": 0.8698622293324615,
  "train_accuracy": 0.7890037593984962,
  "test_accuracy": 0.7518796992481203
}